Date,Trips over the past 24-hours (midnight to 11:59pm),Miles traveled today (midnight to 11:59 pm),Total Annual Members (All Time),24-Hour Passes Purchased (midnight to 11:59 pm),3-Day Passes Purchased (midnight to 11:59 pm),
7/1/2017,36737,107126,228157,2828,372,
7/2/2017,43035,128397,228306,4314,458,
7/3/2017,48193,130240,228473,3243,316,
7/4/2017,49924,146441,228669,4929,315,
7/5/2017,60321,149487,228908,1886,267,
7/6/2017,62147,140767,229085,1646,264,
7/7/2017,44068,103656,229241,1283,216,
7/8/2017,55015,146438,229453,4138,333,
7/9/2017,57118,159914,229680,4471,340,
7/10/2017,60908,141463,229933,1546,359,
7/11/2017,61670,141463,230159,1269,227,
7/12/2017,61786,132874,230336,1376,179,
7/13/2017,56475,126527,230514,1322,180,
7/14/2017,31851,70477,230610,570,101,
7/15/2017,56499,148067,230772,4761,378,
7/16/2017,56833,153666,230981,4497,308,
7/17/2017,62555,141323,231225,1675,289,
7/18/2017,66234,144623,231416,1724,243,
7/19/2017,63916,143277,231603,1617,267,
7/20/2017,59665,131871,231741,1439,229,
7/21/2017,60074,136330,231882,1929,304,
7/22/2017,48013,124272,232049,3634,332,
7/23/2017,46945,117035,232212,3164,249,
7/24/2017,43793,104460,232359,989,113,
7/25/2017,65339,148542,232521,1549,285,
7/26/2017,70329,168603,232674,2054,248,
7/27/2017,65773,144443,232820,1666,214,
7/28/2017,63911,151514,232984,2293,297,
7/29/2017,52955,132509,233138,4085,324,
7/30/2017,59364,165423,233360,5214,376,
7/31/2017,64231,153123,233614,1862,263,
8/1/2017,66676,147654,233824,1813,272,
8/2/2017,56179,122622,233958,3291,139,
8/3/2017,66144,146858,234160,1849,257,
8/4/2017,56391,128749,234312,2212,325,
8/5/2017,58966,169511,234524,5299,415,
8/6/2017,56473,161492,234715,4686,292,
8/7/2017,23395,55927,234851,249,34,
8/8/2017,65228,145901,235084,1738,331,
8/9/2017,67874,170524,235283,1952,300,
8/10/2017,66245,151415,235457,1834,262,
8/11/2017,63134,147098,235623,2360,358,
8/12/2017,60531,173581,235890,5409,405,
8/13/2017,57511,162040,236098,4755,337,
8/14/2017,61460,139535,236328,1816,294,
8/15/2017,52460,105695,236504,948,125,
8/16/2017,68434,159032,236681,1905,251,
8/17/2017,66654,156810,236872,2087,261,
8/18/2017,36619,90704,236984,840,124,
8/19/2017,62440,186037,237324,5992,461,
8/20/2017,55438,147379,237518,4218,313,
8/21/2017,61055,138059,237710,1832,277,
8/22/2017,60541,133409,237878,1477,260,
8/23/2017,65069,141360,238057,1712,219,
8/24/2017,66306,151449,238257,1820,315,
8/25/2017,64217,156344,238406,2316,325,
8/26/2017,50111,132832,238546,3621,214,
8/27/2017,54594,145524,238771,4135,278,
8/28/2017,60885,133126,239016,1616,272,
8/29/2017,35151,67448,239163,424,104,
8/30/2017,65328,147325,239347,1760,309,
8/31/2017,64881,144852,239519,1727,260,
9/1/2017,54881,129382,239653,1775,294,
9/2/2017,37810,107949,239785,3359,420,
9/3/2017,30955,83988,239906,2394,175,
9/4/2017,55284,164623,240126,5298,362,
9/5/2017,65443,140362,240378,1607,265,
9/6/2017,42318,86395,240541,445,90,
9/7/2017,69571,148669,240750,1542,356,
9/8/2017,69616,154397,240903,1976,322,
9/9/2017,60187,150847,241108,4196,272,
9/10/2017,60750,154588,241329,4056,301,
9/11/2017,71964,166177,241563,1992,276,
9/12/2017,74623,161263,241775,1737,238,
9/13/2017,69616,146802,241991,1471,199,
9/14/2017,72128,150535,242211,1551,244,
9/15/2017,72361,160138,242393,2088,323,
9/16/2017,61077,156839,242552,4304,297,
9/17/2017,60003,156834,242748,3869,229,
9/18/2017,64207,138078,242968,1387,190,
9/19/2017,57977,115451,243128,914,146,
9/20/2017,71222,150377,243309,1385,202,
9/21/2017,67799,152463,243503,1690,191,
9/22/2017,70192,163114,243715,2315,259,
9/23/2017,62748,165582,243967,4821,322,
9/24/2017,57503,148926,244277,3681,176,
9/25/2017,69271,156367,244551,1537,258,
9/26/2017,71566,156779,244809,1359,257,
9/27/2017,69942,147977,245051,1268,200,
9/28/2017,70951,148394,245299,1490,224,
9/29/2017,67246,141709,245558,1875,288,
9/30/2017,50200,113613,245923,2694,214,
10/1/2017,55503,139011,246193,3511,235,
10/2/2017,65509,141748,246402,1408,242,
10/3/2017,69105,135800,246566,1258,194,
10/4/2017,71453,150324,246742,1377,188,
10/5/2017,70173,150437,246893,1365,251,
10/6/2017,70249,148395,247025,2104,383,
10/7/2017,63630,153928,247206,4996,356,
10/8/2017,41039,100790,247336,2233,192,
10/9/2017,38390,78912,247453,594,84,
10/10/2017,74117,155978,247615,2016,312,
10/11/2017,63587,126748,247767,1146,161,
10/12/2017,61244,123433,247896,1070,169,
10/13/2017,67016,136608,248038,1768,308,
10/14/2017,58771,142476,248167,3680,347,
10/15/2017,56529,137364,248382,3381,276,
10/16/2017,61729,125800,248552,997,192,
10/17/2017,64480,122345,248712,1030,170,
10/18/2017,70233,147842,248878,1202,249,
10/19/2017,72311,143664,249016,1491,274,
10/20/2017,72174,157255,249162,2246,351,
10/21/2017,65872,169402,249378,5093,276,
10/22/2017,62148,153444,249596,4596,200,
10/23/2017,69273,143899,249825,1659,279,
10/24/2017,48077,95599,249930,466,82,
10/25/2017,71284,142007,250090,1133,246,
10/26/2017,64002,123419,250187,973,191,
10/27/2017,69265,139481,250319,1991,352,
10/28/2017,61345,143571,250499,4306,317,
10/29/2017,9537,20810,250556,213,8,
10/30/2017,49246,95502,250681,771,121,
10/31/2017,60242,115329,250892,1076,166,
11/1/2017,60772,111304,250975,717,125,
11/2/2017,70810,144455,251060,1485,291,
11/3/2017,71817,147055,251163,2275,335,
11/4/2017,53433,120119,251269,3086,243,
11/5/2017,34943,76281,251349,1263,80,
11/6/2017,57606,116318,251433,1052,133,
11/7/2017,36361,69588,251487,643,77,
11/8/2017,54211,107852,251537,597,95,
11/9/2017,58416,113119,251591,837,171,
11/10/2017,38432,74794,251614,425,82,
11/11/2017,28142,55350,251657,832,64,
11/12/2017,32471,73187,251699,1191,62,
11/13/2017,38752,72112,251751,314,47,
11/14/2017,52278,95328,251802,493,59,
11/15/2017,54230,104590,251842,524,70,
11/16/2017,49737,93532,251884,521,74,
11/17/2017,48989,93476,251928,712,74,
11/18/2017,27745,58136,251965,872,53,
11/19/2017,31597,66078,252008,1020,64,
11/20/2017,45120,85295,252041,501,49,
11/21/2017,52448,95288,252075,960,69,
11/22/2017,32297,69530,252103,458,64,
11/23/2017,13705,32527,252115,806,103,
11/24/2017,23723,64012,252151,1129,95,
11/25/2017,30510,73542,252184,1995,85,
11/26/2017,27180,60652,252227,904,63,
11/27/2017,46732,99410,252277,553,46,
11/28/2017,51166,97329,252316,455,58,
11/29/2017,55290,107040,252365,638,71,
11/30/2017,51699,97110,252414,509,83,
12/1/2017,50708,99868,252473,695,123,
12/2/2017,38922,83660,252514,1513,100,
12/3/2017,33728,77915,252561,1037,66,
12/4/2017,49630,92142,252618,649,63,
12/5/2017,41792,85008,252686,381,57,
12/6/2017,46335,87328,252724,368,55,
12/7/2017,45367,94653,252761,427,65,
12/8/2017,41330,81217,252791,443,58,
12/9/2017,10804,20955,252811,112,15,
12/10/2017,19815,43621,252830,287,26,
12/11/2017,41838,81071,252869,456,38,
12/12/2017,42620,88499,252915,262,42,
12/13/2017,32623,60051,252942,155,20,
12/14/2017,27494,49648,252960,134,10,
12/15/2017,22944,41598,252980,130,9,
12/16/2017,19060,38766,252992,240,24,
12/17/2017,22403,49790,253011,343,27,
12/18/2017,40168,79914,253054,409,34,
12/19/2017,49503,97301,253087,541,42,
12/20/2017,41461,78833,253142,422,40,
12/21/2017,37592,70297,253180,386,47,
12/22/2017,34338,62387,253212,506,23,
12/23/2017,9608,24205,253228,112,10,
12/24/2017,13215,37985,253250,492,39,
12/25/2017,6479,26767,253293,439,27,
12/26/2017,14113,32919,253324,220,29,
12/27/2017,16365,31793,253346,234,33,
12/28/2017,13419,34438,253365,121,17,
12/29/2017,13759,29284,253395,177,17,
12/30/2017,5956,13910,253407,53,10,
12/31/2017,6569,18326,253443,94,2,
1/1/2018,5499,11483,253490,123,7,
1/2/2018,18818,39352,253558,125,12,
1/3/2018,24299,42853,253591,164,4,
1/4/2018,1922,5328,253604,2,1,
1/5/2018,4972,14303,253614,14,0,
1/6/2018,4294,9479,253624,9,2,
1/7/2018,5640,9387,253640,41,4,
1/8/2018,15820,31294,253661,45,4,
1/9/2018,25090,50981,253690,112,17,
1/10/2018,28252,50218,253720,142,18,
1/11/2018,33961,66584,253757,244,15,
1/12/2018,22252,46403,253786,152,16,
1/13/2018,17758,30418,253809,355,31,
1/14/2018,12394,32949,253827,183,9,
1/15/2018,17637,41770,253857,150,8,
1/16/2018,30278,60053,253895,189,13,
1/17/2018,19010,36319,253921,52,12,
1/18/2018,27662,52573,253952,92,18,
1/19/2018,30525,50322,253983,216,15,
1/20/2018,28507,59336,254025,1044,41,
1/21/2018,27908,61571,254092,1013,26,
1/22/2018,36864,68638,254144,345,25,
1/23/2018,28796,63693,254191,179,19,
1/24/2018,36078,69596,254236,232,32,
1/25/2018,31147,51927,254263,181,16,
1/26/2018,33073,61857,254301,313,23,
1/27/2018,34348,70146,254368,1415,41,
1/28/2018,20100,38221,254415,334,22,
1/29/2018,36799,68868,254466,274,33,
1/30/2018,27996,59260,254492,114,15,
1/31/2018,31276,54440,254539,141,19,
2/1/2018,35561,66984,254590,212,27,
2/2/2018,26313,50427,254620,129,18,
2/3/2018,18385,40020,254640,263,23,
2/4/2018,13959,35121,254670,224,7,
2/5/2018,29068,56061,254725,193,21,
2/6/2018,34102,68060,254760,160,18,
2/7/2018,15289,31573,254781,30,4,
2/8/2018,31563,60985,254806,168,20,
2/9/2018,31567,57070,254833,223,25,
2/10/2018,16323,37641,254857,343,26,
2/11/2018,8809,21167,254877,85,2,
2/12/2018,35138,68283,254922,339,40,
2/13/2018,35189,69420,254968,252,31,
2/14/2018,39591,80081,255002,408,39,
2/15/2018,44193,88474,255044,501,28,
2/16/2018,29191,57219,255088,316,37,
2/17/2018,17921,38834,255118,537,51,
2/18/2018,21537,50512,255151,938,40,
2/19/2018,25677,62150,255217,553,50,
2/20/2018,44478,98129,255306,906,85,
2/21/2018,53110,118306,255430,1596,77,
2/22/2018,27010,54857,255485,147,18,
2/23/2018,25633,49639,255534,165,22,
2/24/2018,25550,61251,255597,956,51,
2/25/2018,16149,34052,255654,231,18,
2/26/2018,42570,84614,255747,448,54,
2/27/2018,48514,107682,255836,664,48,
2/28/2018,50707,100855,255944,637,52,
3/1/2018,45562,91489,256022,571,45,
3/2/2018,6855,23277,256050,21,7,
3/3/2018,28361,61107,256117,851,56,
3/4/2018,25262,60490,256189,704,33,
3/5/2018,36774,75190,256263,357,47,
3/6/2018,42688,80995,256307,516,27,
3/7/2018,8188,22312,256333,16,7,
3/8/2018,28440,53403,256360,188,17,
3/9/2018,34912,70068,256393,344,43,
3/10/2018,25443,59343,256438,689,43,
3/11/2018,27596,67622,256517,1173,46,
3/12/2018,36339,76569,256578,351,39,
3/13/2018,23137,46021,256623,133,14,
3/14/2018,35377,62352,256673,269,39,
3/15/2018,39572,72192,256724,462,66,
3/16/2018,34921,62381,256763,383,55,
3/17/2018,27671,62524,256823,1015,56,
3/18/2018,25158,55182,256880,839,36,
3/19/2018,39278,83086,256933,544,39,
3/20/2018,35532,69573,256986,187,17,
3/21/2018,3755,11799,257004,3,1,
3/22/2018,27308,61715,257040,216,25,
3/23/2018,38527,77668,257098,543,55,
3/24/2018,34396,79562,257167,1755,88,
3/25/2018,25562,62656,257226,710,24,
3/26/2018,40295,88831,257315,718,87,
3/27/2018,41354,88986,257378,524,63,
3/28/2018,41880,80607,257447,586,64,
3/29/2018,39288,84590,257501,544,65,
3/30/2018,34784,78825,257584,1006,147,
3/31/2018,41779,109399,257701,3856,151,
4/1/2018,33148,94040,257811,2363,264,
4/2/2018,22062,50418,257889,297,20,
4/3/2018,25883,59477,257942,189,21,
4/4/2018,36755,80049,258025,611,48,
4/5/2018,39814,87382,258086,972,112,
4/6/2018,35624,83643,258143,918,101,
4/7/2018,33245,79955,258231,1661,129,
4/8/2018,28410,67056,258324,1271,75,
4/9/2018,40509,87612,258423,614,62,
4/10/2018,43051,89629,258498,475,37,
4/11/2018,48612,104081,258599,894,114,
4/12/2018,53168,114400,258754,1095,146,
4/13/2018,63503,150894,258926,3168,262,
4/14/2018,62595,185232,259171,7643,346,
4/15/2018,20440,58497,259252,525,21,
4/16/2018,26288,65284,259344,452,31,
4/17/2018,44689,104884,259470,589,85,
4/18/2018,51110,112664,259583,996,152,
4/19/2018,38298,79890,259704,407,52,
4/20/2018,47049,101982,259820,1241,133,
4/21/2018,63594,179681,260015,3142,214,
4/22/2018,54282,149532,260257,5399,265,
4/23/2018,57764,131224,260545,1976,191,
4/24/2018,58523,126491,260740,1529,159,
4/25/2018,31213,63086,260861,403,36,
4/26/2018,66074,150788,261062,2578,294,
4/27/2018,39153,85566,261172,823,70,
4/28/2018,56735,158334,261434,6129,369,
4/29/2018,44825,130649,261651,3594,266,
4/30/2018,41074,91215,261874,751,66,
5/1/2018,72035,173896,262154,3155,390,
5/2/2018,76773,189852,262535,3270,329,
5/3/2018,69053,165326,262816,2931,282,
5/4/2018,71197,177291,263103,3595,360,
5/5/2018,63325,167568,263371,6557,334,
5/6/2018,48993,120205,263632,3484,289,
5/7/2018,68915,156297,263992,2973,311,
5/8/2018,74310,174749,264308,3046,356,
5/9/2018,78454,183295,264589,3038,303,
5/10/2018,67454,153260,264852,2408,275,
5/11/2018,75262,184114,265052,4240,314,
5/12/2018,34535,91563,265150,2227,92,
5/13/2018,25985,67247,265260,1237,58,
5/14/2018,64727,147144,265465,2553,273,
5/15/2018,52826,118790,265682,1949,186,
5/16/2018,32766,75694,265811,493,45,
5/17/2018,49788,107763,265936,1755,113,
5/18/2018,63112,146437,266075,2663,240,
5/19/2018,18026,45461,266135,639,53,
5/20/2018,56946,158983,266399,5458,304,
5/21/2018,71218,172936,266669,3551,267,
5/22/2018,48508,109420,266868,1090,103,
5/23/2018,72653,170812,267098,2952,294,
5/24/2018,74808,177631,267330,3417,294,
5/25/2018,69342,174715,267536,4381,336,
5/26/2018,51592,155957,267703,6129,417,
5/27/2018,25813,78075,267815,1631,82,
5/28/2018,49040,140226,268037,5148,267,
5/29/2018,69090,170334,268305,2896,249,
5/30/2018,72321,159297,268645,2742,216,
5/31/2018,55798,123710,268998,1414,101,
6/1/2018,62890,147780,269167,3049,250,
6/2/2018,60287,158528,269371,5634,307,
6/3/2018,50041,134416,269544,3892,154,
6/4/2018,58910,130774,269763,2372,166,
6/5/2018,71906,155007,269934,2682,199,
6/6/2018,69797,154726,270119,2479,173,
6/7/2018,70478,160532,270274,2808,198,
6/8/2018,72696,163188,270455,3915,283,
6/9/2018,65239,171623,270657,6917,292,
6/10/2018,41639,106867,270825,3136,112,
6/11/2018,68060,154381,271146,3044,243,
6/12/2018,76255,166828,271364,3260,215,
6/13/2018,64270,144934,271541,2044,104,
6/14/2018,75803,173109,271708,3359,227,
6/15/2018,72417,160081,271883,4005,296,
6/16/2018,63182,165240,272071,7037,339,
6/17/2018,56218,146611,272306,5760,232,
6/18/2018,63551,136481,272522,2498,206,
6/19/2018,72168,153883,272780,2902,230,
6/20/2018,74088,165836,272950,2929,231,
6/21/2018,70050,158375,273114,3026,262,
6/22/2018,71084,156062,273291,3736,263,
6/23/2018,51028,118620,273422,4172,207,
6/24/2018,55775,152057,273615,5862,232,
6/25/2018,71747,163026,273820,3441,221,
6/26/2018,80643,171973,274006,3442,254,
6/27/2018,67647,140557,274165,2457,183,
6/28/2018,50431,104860,274290,1967,154,
6/29/2018,69856,151785,274467,3940,326,
6/30/2018,54713,134347,274628,5425,360,
7/1/2018,45265,120484,274813,4209,211,
7/2/2018,58633,130122,275016,2702,241,
7/3/2018,54882,113998,275157,2358,199,
7/4/2018,48368,136287,275304,5662,250,
7/5/2018,59471,133659,275487,3344,264,
7/6/2018,49504,111660,275614,2650,189,
7/7/2018,60916,173852,275793,7284,349,
7/8/2018,60486,171826,275988,6667,310,
7/9/2018,70063,153650,276203,3103,283,
7/10/2018,72501,147441,276399,2999,227,
7/11/2018,73011,163349,276553,3049,170,
7/12/2018,74857,161182,276703,3520,231,
7/13/2018,72113,156285,276858,3998,294,
7/14/2018,62556,157266,277000,7241,334,
7/15/2018,52295,132234,277133,5121,248,
7/16/2018,67072,146307,277344,3101,278,
7/17/2018,48495,97913,277466,1558,129,
7/18/2018,75706,169481,277703,3578,247,
7/19/2018,78004,141327,277891,3938,280,
7/20/2018,74539,136511,278052,4590,275,
7/21/2018,53651,114977,278195,6266,309,
7/22/2018,44284,87253,278338,4316,244,
7/23/2018,53074,88170,278458,2277,152,
7/24/2018,69754,117924,278651,2957,162,
7/25/2018,42988,66587,278742,1474,124,
7/26/2018,71065,122885,278874,3321,252,
7/27/2018,49224,82987,278993,2526,251,
7/28/2018,61543,129505,279147,7004,361,
7/29/2018,63472,137343,279321,7244,250,
7/30/2018,69512,123639,279509,3490,333,
7/31/2018,76253,134233,279702,3637,246,
8/1/2018,64467,106881,279888,2673,185,
8/2/2018,69711,118282,280110,2998,217,
8/3/2018,61962,105765,280279,3145,247,
8/4/2018,51200,104541,280498,5352,198,
8/5/2018,58379,122656,280721,6289,309,
8/6/2018,65686,112585,280922,3022,281,
8/7/2018,64351,106678,281097,2640,201,
8/8/2018,70577,120473,281275,2911,267,
8/9/2018,71976,124150,281441,3379,238,
8/10/2018,69617,123534,281572,4266,280,
8/11/2018,36607,69505,281689,2994,141,
8/12/2018,59834,125265,281881,6407,281,
8/13/2018,44273,70501,281991,1563,82,
8/14/2018,63733,107144,282169,2592,211,
8/15/2018,73124,128453,282317,3565,266,
8/16/2018,70825,123444,282471,3511,276,
8/17/2018,63316,109405,282583,3563,232,
8/18/2018,57284,125508,282795,6672,351,
8/19/2018,45874,86651,282943,3926,155,
8/20/2018,67589,118793,283162,3312,224,
8/21/2018,75214,132261,283358,3683,257,
8/22/2018,72614,125978,283543,3366,225,
8/23/2018,73877,130310,283720,3975,331,
8/24/2018,72894,132952,283884,4794,320,
8/25/2018,64683,140537,284066,7535,345,
8/26/2018,60954,132223,284268,6928,302,
8/27/2018,67630,116967,284457,3350,242,
8/28/2018,66638,110486,284667,2814,150,
8/29/2018,65903,107006,284791,2766,171,
8/30/2018,67900,113385,284938,3218,164,
8/31/2018,58922,97818,285087,3186,180,
9/1/2018,54318,116904,285245,6711,439,
9/2/2018,60828,140923,285368,5562,292,
9/3/2018,55067,117164,285609,6239,279,
9/4/2018,68655,114264,285867,2793,215,
9/5/2018,74981,124919,286102,2934,191,
9/6/2018,70264,113123,286304,2678,207,
9/7/2018,74586,127470,286475,3523,227,
9/8/2018,58284,111254,286637,5442,270,
9/9/2018,19950,30544,286752,895,16,
9/10/2018,23949,32472,286847,463,26,
9/11/2018,66552,109380,286985,2456,193,
9/12/2018,53241,82748,287120,1650,115,
9/13/2018,74054,123401,287262,2874,197,
9/14/2018,74330,128288,287412,3623,298,
9/15/2018,71185,149524,287622,7570,353,
9/16/2018,69515,150281,287897,7410,270,
9/17/2018,71340,118809,288137,2914,162,
9/18/2018,53077,82768,288266,1433,74,
9/19/2018,74372,129089,288450,3529,290,
9/20/2018,76803,129385,288599,3130,235,
9/21/2018,74940,128273,288719,3677,224,
9/22/2018,69133,142121,289160,7511,298,
9/23/2018,55494,104944,289370,4716,184,
9/24/2018,71631,115888,289524,2615,289,
9/25/2018,25430,35795,289591,506,65,
9/26/2018,68007,110772,289698,2423,296,
9/27/2018,75370,126480,289829,3044,399,
9/28/2018,57230,90249,289911,1986,296,
9/29/2018,69321,145920,290170,6960,906,
9/30/2018,66224,139423,290467,6367,675,
10/1/2018,71387,120257,290631,2618,307,
10/2/2018,73113,122234,290788,2666,195,
10/3/2018,76769,129720,290947,3141,199,
10/4/2018,70698,116337,291073,2838,222,
10/5/2018,74744,129597,291166,3979,254,
10/6/2018,57599,110421,291298,5658,310,
10/7/2018,60753,127033,291425,6936,277,
10/8/2018,58256,95097,291549,2865,121,
10/9/2018,74251,123973,291672,2846,207,
10/10/2018,77317,132255,291765,3115,202,
10/11/2018,46862,70173,291862,1323,59,
10/12/2018,67686,113055,291962,3453,255,
10/13/2018,54747,100652,292029,2430,125,
10/14/2018,54297,103697,292158,4805,204,
10/15/2018,59181,92219,292262,1958,95,
10/16/2018,66661,104171,292370,2200,158,
10/17/2018,67868,107762,292469,2341,134,
10/18/2018,61668,94356,292519,1969,143,
10/19/2018,64735,105730,292604,3012,192,
10/20/2018,56281,109142,292711,5644,309,
10/21/2018,39192,64764,292811,2488,100,
10/22/2018,57919,88293,292899,1721,133,
10/23/2018,68086,110293,292992,2356,181,
10/24/2018,64203,98615,293077,1942,97,
10/25/2018,61637,95827,293309,2003,146,
10/26/2018,59861,92569,293508,2292,131,
10/27/2018,13124,17949,293542,333,11,
10/28/2018,42502,74540,293611,3134,154,
10/29/2018,60028,92882,293722,1853,156,
10/30/2018,65545,102834,293819,1957,141,
10/31/2018,68447,114039,294007,2544,225,
11/1/2018,74260,128502,294111,3288,245,
11/2/2018,63746,105906,294186,2817,237,
11/3/2018,49127,89639,294256,4200,199,
11/4/2018,50713,98021,294329,5107,99,
11/5/2018,33345,47328,294396,776,31,
11/6/2018,40271,56313,294442,1186,29,
11/7/2018,67925,112354,294527,2590,189,
11/8/2018,64441,103621,294595,2191,146,
11/9/2018,36952,54282,294647,1064,63,
11/10/2018,37809,63740,294689,2649,132,
11/11/2018,36612,64197,294744,2763,78,
11/12/2018,51341,79338,294792,1707,79,
11/13/2018,36957,52453,294838,751,27,
11/14/2018,49621,70932,294882,935,30,
11/15/2018,24948,35594,294900,407,24,
11/16/2018,34447,49576,294915,761,48,
11/17/2018,37974,61206,294951,2257,56,
11/18/2018,34390,55093,294988,1916,45,
11/19/2018,54540,83935,295037,1522,84,
11/20/2018,51910,75746,295070,1259,37,
11/21/2018,40417,58441,295112,1050,39,
11/22/2018,8798,12626,295200,369,20,
11/23/2018,16107,23143,295439,597,26,
11/24/2018,20087,32011,295530,1137,41,
11/25/2018,34519,60831,295688,2521,36,
11/26/2018,29189,42333,296251,499,18,
11/27/2018,49979,74556,296351,802,31,
11/28/2018,48433,69352,296405,777,29,
11/29/2018,51468,76715,296452,1054,51,
11/30/2018,46001,67098,296497,1065,47,
12/1/2018,37989,62304,296553,2256,37,
12/2/2018,18418,26501,296584,554,11,
12/3/2018,53974,85524,296664,1308,62,
12/4/2018,49058,71843,296708,867,27,
12/5/2018,46779,67536,296753,814,38,
12/6/2018,46543,66885,296798,910,40,
12/7/2018,43841,63353,296843,948,52,
12/8/2018,29909,44552,296867,1271,46,
12/9/2018,27547,40886,296897,1064,23,
12/10/2018,43358,62699,296938,762,25,
12/11/2018,47335,68321,296974,823,20,
12/12/2018,47717,68600,297005,748,28,
12/13/2018,40736,57295,297042,593,14,
12/14/2018,44775,66633,297078,1137,44,
12/15/2018,36423,57244,297119,1902,45,
12/16/2018,9835,13599,297131,203,4,
12/17/2018,45382,66449,297173,909,32,
12/18/2018,41703,58360,297205,656,22,
12/19/2018,44096,63165,297238,877,22,
12/20/2018,34026,48713,297269,751,20,
12/21/2018,23996,34450,297290,481,24,
12/22/2018,24870,36653,297327,1088,25,
12/23/2018,22230,35921,297355,1298,37,
12/24/2018,18990,27246,297387,681,18,
12/25/2018,11177,21483,297426,1080,38,
12/26/2018,25358,39176,297487,1118,49,
12/27/2018,31169,48943,297527,1510,51,
12/28/2018,12039,17576,297555,334,25,
12/29/2018,29037,54116,297622,2677,104,
12/30/2018,22536,37741,297682,1562,51,
12/31/2018,18936,29794,297748,962,31,
1/1/2019,22145,44131,297823,2429,49,
1/2/2019,38249,58975,297908,1062,36,
1/3/2019,42181,62500,297976,969,31,
1/4/2019,44420,65739,298017,1173,33,
1/5/2019,17636,24326,298048,462,8,
1/6/2019,31764,50481,298094,1711,31,
1/7/2019,36928,52310,298152,514,18,
1/8/2019,41728,60469,298218,654,23,
1/9/2019,44882,63480,298263,646,23,
1/10/2019,39449,53225,298299,478,13,
1/11/2019,33196,44226,298331,465,23,
1/12/2019,25431,35133,298361,772,26,
1/13/2019,23020,33018,298399,700,18,
1/14/2019,35408,48021,298439,402,9,
1/15/2019,39538,54751,298470,511,19,
1/16/2019,40854,56553,298510,513,7,
1/17/2019,39417,53430,298546,463,14,
1/18/2019,34478,47215,298574,542,27,
1/19/2019,23933,34580,298595,865,28,
1/20/2019,14440,19131,298616,368,8,
1/21/2019,10392,11911,298632,141,5,
1/22/2019,28913,37788,298665,315,14,
1/23/2019,42028,59442,298692,526,10,
1/24/2019,20328,27931,298721,260,7,
1/25/2019,39298,54567,298748,621,21,
1/26/2019,26607,38634,298778,933,18,
1/27/2019,30338,48280,298828,1510,19,
1/28/2019,36173,49109,298878,448,13,
1/29/2019,31355,42066,298919,341,12,
1/30/2019,25496,33178,298947,263,8,
1/31/2019,18882,22917,298975,186,8,
2/1/2019,25289,31752,298998,255,11,
2/2/2019,22280,30802,299032,627,19,
2/3/2019,32274,52757,299103,1743,24,
2/4/2019,47049,73262,299172,1180,42,
2/5/2019,54710,87917,299249,1770,42,
2/6/2019,39616,55696,299296,754,27,
2/7/2019,43840,62728,299341,765,22,
2/8/2019,36964,52442,299383,864,22,
2/9/2019,24041,33607,299409,811,10,
2/10/2019,24434,35873,299449,935,6,
2/11/2019,39197,54362,299493,563,20,
2/12/2019,16044,22190,299521,150,4,
2/13/2019,35523,48870,299551,439,21,
2/14/2019,42313,61381,299589,773,26,
2/15/2019,47524,74286,299633,1590,58,
2/16/2019,31347,52760,299683,2030,58,
2/17/2019,24287,39660,299711,1439,30,
2/18/2019,26176,37500,299757,810,17,
2/19/2019,35226,49024,299810,595,10,
2/20/2019,20694,28763,299835,221,15,
2/21/2019,40082,60375,299871,961,37,
2/22/2019,42338,61956,299913,1097,49,
2/23/2019,31956,49887,299956,1635,28,
2/24/2019,24503,37473,299993,992,19,
2/25/2019,34736,47207,300029,495,14,
2/26/2019,38126,52805,300067,524,23,
2/27/2019,37028,48666,300097,464,27,
2/28/2019,38784,53031,300157,652,30,
3/1/2019,30242,41583,300183,522,26,
3/2/2019,18001,27381,300213,570,25,
3/3/2019,23240,35764,300264,1115,22,
3/4/2019,28424,39154,300319,563,23,
3/5/2019,37103,50155,300367,552,24,
3/6/2019,33287,42845,300409,376,27,
3/7/2019,35913,46582,300450,468,15,
3/8/2019,40416,55748,300503,852,32,
3/9/2019,38929,68739,300574,3010,35,
3/10/2019,18897,28056,300611,662,16,
3/11/2019,52412,80705,300691,1749,56,
3/12/2019,47214,66518,300757,1003,40,
3/13/2019,50121,71556,300825,1194,42,
3/14/2019,57476,86864,300904,1826,82,
3/15/2019,57517,95073,300987,2843,119,
3/16/2019,42144,74307,301086,3369,97,
3/17/2019,36826,64440,301187,2755,73,
3/18/2019,46535,68775,301278,1361,54,
3/19/2019,52997,78320,301381,1602,49,
3/20/2019,55396,83442,301476,1723,58,
3/21/2019,21248,27005,301520,342,14,
3/22/2019,35477,49691,301579,1076,51,
3/23/2019,37379,61407,301671,2693,74,
3/24/2019,50318,100843,301827,5896,79,
3/25/2019,53463,79824,301952,1562,64,
3/26/2019,55421,81425,302083,1715,49,
3/27/2019,54483,78975,302176,1583,56,
3/28/2019,58538,87465,302430,1966,87,
3/29/2019,59324,91975,302587,2573,103,
3/30/2019,66672,144759,302941,9151,135,
3/31/2019,32768,52486,303060,1916,52,
4/1/2019,51399,75072,303223,1466,76,undefined
4/2/2019,57903,83399,303386,1483,73,undefined
4/3/2019,67924,108780,303552,3013,79,undefined
4/4/2019,66403,104268,303699,2633,87,undefined
4/5/2019,34470,46930,303766,812,46,undefined
4/6/2019,66532,143054,303958,8852,139,undefined
4/7/2019,64713,138291,304216,8191,87,undefined
4/8/2019,70514,123304,304525,3804,89,undefined
4/9/2019,59336,86248,304677,1684,79,undefined
4/10/2019,70988,112985,304865,2845,116,undefined
4/11/2019,62430,93232,305003,2222,93,undefined
4/12/2019,58010,92517,305134,2811,118,undefined
4/13/2019,71500,159264,305362,10443,128,undefined
4/14/2019,58474,123470,305584,7263,119,undefined
4/15/2019,45663,71673,305722,1816,75,undefined
4/16/2019,63323,106799,305906,3197,134,undefined
4/17/2019,65249,109668,306077,3276,89,undefined
4/18/2019,61568,98909,306205,2845,104,undefined
4/19/2019,64939,120796,306365,5782,271,undefined
4/20/2019,36785,68489,306453,4049,115,undefined
4/21/2019,51869,114490,306647,7439,140,undefined
4/22/2019,44112,71869,306827,3426,69,undefined
4/23/2019,75443,143334,307082,5928,202,undefined
4/24/2019,77736,144473,307320,5868,135,undefined
4/25/2019,60834,101124,307484,3569,114,undefined
4/26/2019,37121,55000,307578,1387,76,undefined
4/27/2019,56442,111440,307737,7022,151,undefined
4/28/2019,41204,68976,307862,3338,87,undefined
4/29/2019,60801,98707,308020,2829,104,undefined
4/30/2019,62668,99225,308192,2715,94,undefined
5/1/2019,60904,93434,308383,2285,106,undefined
5/2/2019,68714,115573,308575,3763,171,undefined
5/3/2019,62410,100885,308738,3452,151,undefined
5/4/2019,56025,114113,308919,7286,110,undefined
5/5/2019,16169,25232,308988,802,16,undefined
5/6/2019,69920,121887,309187,4178,166,undefined
5/7/2019,72829,126637,309356,4055,124,undefined
5/8/2019,76398,130821,309530,4255,131,undefined
5/9/2019,66689,105721,309646,2851,130,undefined
5/10/2019,68044,114830,309790,4427,163,undefined
5/11/2019,69788,153674,310021,10581,133,undefined
5/12/2019,10730,15759,310063,475,9,undefined
5/13/2019,22300,29434,310141,553,19,undefined
5/14/2019,42783,61756,310248,1301,73,undefined
5/15/2019,74314,129217,310395,4484,140,undefined
5/16/2019,77889,139278,310590,5354,174,undefined
5/17/2019,72118,126992,310760,5124,167,undefined
5/18/2019,73143,162302,310992,11292,227,undefined
5/19/2019,69920,154638,311245,10321,193,undefined
5/20/2019,74494,133696,311495,5225,173,undefined
5/21/2019,79261,139284,311686,5088,160,undefined
5/22/2019,82021,144186,311888,5431,153,undefined
5/23/2019,56578,93244,312082,3527,121,undefined
5/24/2019,74866,141169,312276,7322,245,undefined
5/25/2019,59492,136772,312484,10682,279,undefined
5/26/2019,49950,118192,312648,9325,145,undefined
5/27/2019,66595,160750,312896,12124,136,undefined
5/28/2019,59435,97330,313092,2992,96,undefined
5/29/2019,55098,87647,313251,2952,111,undefined
5/30/2019,52484,84325,313402,2831,129,undefined
5/31/2019,83347,156832,313606,7586,261,undefined
6/1/2019,76416,164956,313815,12153,214,undefined
6/2/2019,67288,147247,314051,10419,144,undefined
6/3/2019,77678,141960,314327,6027,152,undefined
6/4/2019,83301,150076,314642,6422,168,undefined
6/5/2019,78791,134998,314889,5166,143,undefined
6/6/2019,81323,143619,315121,6138,183,undefined
6/7/2019,82908,150312,315337,7530,256,undefined
6/8/2019,78074,175352,315583,13831,206,undefined
6/9/2019,73954,167597,315861,12833,121,undefined
6/10/2019,37019,54769,316007,1566,44,undefined
